"domain","tags","lastseen"
"111.202.89.161:80","CRU threat hunting","2021-09-28 13:06:31.857371+00:00"
"51.79.250.51:8080","CRU threat hunting","2021-09-28 13:06:31.857371+00:00"
"104.244.124.154:2086","CRU threat hunting","2021-09-28 13:06:31.857371+00:00"
"36.250.75.15:9001","CRU threat hunting","2021-09-28 13:06:31.857371+00:00"
"107.154.125.238:80","CRU threat hunting","2021-09-28 13:06:31.857371+00:00"
"27.190.81.7:8090","CRU threat hunting","2021-09-28 13:06:31.857371+00:00"
"189.40.217.165:2086","CRU threat hunting","2021-09-28 13:06:31.857371+00:00"
"61.147.247.249:80","CRU threat hunting","2021-09-28 13:06:31.857371+00:00"
"217.155.127.117:80","CRU threat hunting","2021-09-28 13:06:31.857371+00:00"
"89.121.233.42:80","CRU threat hunting","2021-09-28 13:06:31.857371+00:00"
"103.8.76.74:80","CRU threat hunting","2021-09-28 13:06:31.857371+00:00"
"190.5.98.37:80","CRU threat hunting","2021-09-28 13:06:31.857371+00:00"
"128.250.121.2:80","CRU threat hunting","2021-09-28 13:06:31.857371+00:00"
"41.182.119.155:8080","CRU threat hunting","2021-09-28 13:06:31.857371+00:00"
"82.77.162.99:80","CRU threat hunting","2021-09-28 13:06:31.857371+00:00"
"179.51.83.56:80","CRU threat hunting","2021-09-28 13:06:31.857371+00:00"
"159.89.250.116:80","CRU threat hunting","2021-09-28 13:06:31.857371+00:00"
"159.133.184.43:9080","CRU threat hunting","2021-09-28 13:06:31.857371+00:00"
"197.26.78.5:80","CRU threat hunting","2021-09-28 13:06:31.857371+00:00"
"168.184.72.114:81","CRU threat hunting","2021-09-28 13:06:31.857371+00:00"
"35.168.205.42:80","CRU threat hunting","2021-09-28 13:06:31.857371+00:00"
"107.164.165.109:80","CRU threat hunting","2021-09-28 13:06:31.857371+00:00"
"3.229.109.121:80","CRU threat hunting","2021-09-28 13:06:31.857371+00:00"
"180.31.39.158:8000","CRU threat hunting","2021-09-28 13:06:31.857371+00:00"
"154.86.97.45:80","CRU threat hunting","2021-09-28 13:06:31.857371+00:00"
"96.7.179.2:80","CRU threat hunting","2021-09-28 13:06:31.857371+00:00"
"36.110.172.193:80","CRU threat hunting","2021-09-28 13:06:31.857371+00:00"
"23.78.9.134:80","CRU threat hunting","2021-09-28 13:06:31.857371+00:00"
"5.101.179.95:80","CRU threat hunting","2021-09-28 13:06:31.857371+00:00"
"66.150.130.68:80","CRU threat hunting","2021-09-28 13:06:31.857371+00:00"
"209.127.23.149:8080","CRU threat hunting","2021-09-28 13:06:31.857371+00:00"
"123.127.44.209:80","CRU threat hunting","2021-09-28 13:06:31.857371+00:00"
"45.125.58.61:9001","CRU threat hunting","2021-09-28 13:06:31.857371+00:00"
"23.223.90.228:80","CRU threat hunting","2021-09-28 13:06:31.857371+00:00"
"154.213.142.155:80","CRU threat hunting","2021-09-28 13:06:31.857371+00:00"
"142.92.93.80:80","CRU threat hunting","2021-09-28 13:06:31.857371+00:00"
"43.251.104.12:80","CRU threat hunting","2021-09-28 13:06:31.857371+00:00"
"72.47.225.181:80","CRU threat hunting","2021-09-28 13:06:31.857371+00:00"
"23.108.130.149:80","CRU threat hunting","2021-09-28 13:06:31.857371+00:00"
"125.163.193.109:80","CRU threat hunting","2021-09-28 13:06:31.857371+00:00"
"168.119.191.210:80","CRU threat hunting","2021-09-28 13:06:31.857371+00:00"
"178.33.104.2:80","CRU threat hunting","2021-09-28 13:06:31.857371+00:00"
"148.0.57.81:80","CRU threat hunting","2021-09-28 13:06:31.857371+00:00"
"64.238.153.206:80","CRU threat hunting","2021-09-28 13:06:31.857371+00:00"
"78.189.169.158:80","CRU threat hunting","2021-09-28 13:06:31.857371+00:00"
"34.235.19.196:80","CRU threat hunting","2021-09-28 13:06:31.857371+00:00"
"183.134.69.73:80","CRU threat hunting","2021-09-28 13:06:31.857371+00:00"
"220.130.139.176:80","CRU threat hunting","2021-09-28 13:06:31.857371+00:00"
"86.180.84.177:80","CRU threat hunting","2021-09-28 13:06:31.857371+00:00"
"69.74.46.39:80","CRU threat hunting","2021-09-28 13:06:31.857371+00:00"
"172.96.182.204:80","CRU threat hunting","2021-09-28 13:06:31.857371+00:00"
"103.86.147.84:8001","CRU threat hunting","2021-09-28 13:06:31.857371+00:00"
"41.225.113.32:80","CRU threat hunting","2021-09-28 13:06:31.857371+00:00"
"135.148.95.11:80","CRU threat hunting","2021-09-28 13:06:31.857371+00:00"
"73.121.197.232:80","CRU threat hunting","2021-09-28 13:06:31.857371+00:00"
"23.40.203.35:80","CRU threat hunting","2021-09-28 13:06:31.857371+00:00"
"1.34.220.34:80","CRU threat hunting","2021-09-28 13:06:31.857371+00:00"
"23.66.113.163:80","CRU threat hunting","2021-09-28 13:06:31.857371+00:00"
"163.191.118.7:81","CRU threat hunting","2021-09-28 13:06:31.857371+00:00"
"45.77.169.197:80","CRU threat hunting","2021-09-28 13:06:31.857371+00:00"
"104.110.54.231:80","CRU threat hunting","2021-09-28 13:06:31.857371+00:00"
"214.47.60.60:50070","CRU threat hunting","2021-09-28 13:06:31.857371+00:00"
"23.194.20.15:80","CRU threat hunting","2021-09-28 13:06:31.857371+00:00"
"191.7.208.19:80","CRU threat hunting","2021-09-28 13:06:31.857371+00:00"
"172.65.107.200:8080","CRU threat hunting","2021-09-28 13:06:31.857371+00:00"
"185.152.64.10:80","CRU threat hunting","2021-09-28 13:06:31.857371+00:00"
"164.248.56.207:50070","CRU threat hunting","2021-09-28 13:06:31.857371+00:00"
"104.88.237.208:80","CRU threat hunting","2021-09-28 13:06:31.857371+00:00"
"208.73.200.236:80","CRU threat hunting","2021-09-28 13:06:31.857371+00:00"
"49.169.77.231:80","CRU threat hunting","2021-09-28 13:06:31.857371+00:00"
"66.183.189.56:80","CRU threat hunting","2021-09-28 13:06:31.857371+00:00"
"23.43.127.29:80","CRU threat hunting","2021-09-28 13:06:31.857371+00:00"
"92.180.149.134:9080","CRU threat hunting","2021-09-28 13:06:31.857371+00:00"
"220.134.75.133:80","CRU threat hunting","2021-09-28 13:06:31.857371+00:00"
"89.40.72.6:80","CRU threat hunting","2021-09-28 13:06:31.857371+00:00"
"104.118.119.249:80","CRU threat hunting","2021-09-28 13:06:31.857371+00:00"
"104.119.10.48:80","CRU threat hunting","2021-09-28 13:06:31.857371+00:00"
"203.228.190.141:8080","CRU threat hunting","2021-09-28 13:06:31.857371+00:00"
"35.190.46.94:8080","CRU threat hunting","2021-09-28 13:06:31.857371+00:00"
"52.57.75.202:80","CRU threat hunting","2021-09-28 13:06:31.857371+00:00"
"164.250.131.96:50070","CRU threat hunting","2021-09-28 13:06:31.857371+00:00"
"38.103.246.72:80","CRU threat hunting","2021-09-28 13:06:31.857371+00:00"
"119.206.205.12:80","CRU threat hunting","2021-09-28 13:06:31.857371+00:00"
"176.118.35.65:8000","CRU threat hunting","2021-09-28 13:06:31.857371+00:00"
"14.54.78.177:80","CRU threat hunting","2021-09-28 13:06:31.857371+00:00"
"62.234.82.203:80","CRU threat hunting","2021-09-28 13:06:31.857371+00:00"
"90.117.235.220:8888","CRU threat hunting","2021-09-28 13:06:31.857371+00:00"
"23.13.247.65:80","CRU threat hunting","2021-09-28 13:06:31.857371+00:00"
"164.250.229.59:9080","CRU threat hunting","2021-09-28 13:06:31.857371+00:00"
"184.85.204.128:80","CRU threat hunting","2021-09-28 13:06:31.857371+00:00"
"163.191.202.149:81","CRU threat hunting","2021-09-28 13:06:31.857371+00:00"
"142.92.120.193:5007","CRU threat hunting","2021-09-28 13:06:31.857371+00:00"
"114.67.123.17:80","CRU threat hunting","2021-09-28 13:06:31.857371+00:00"
"13.109.166.229:80","CRU threat hunting","2021-09-28 13:06:31.857371+00:00"
"115.19.115.67:8080","CRU threat hunting","2021-09-28 13:06:31.857371+00:00"
"184.26.60.50:80","CRU threat hunting","2021-09-28 13:06:31.857371+00:00"
"220.159.169.221:80","CRU threat hunting","2021-09-28 13:06:31.857371+00:00"
"54.148.94.134:80","CRU threat hunting","2021-09-28 13:06:31.857371+00:00"
"64.187.233.106:80","CRU threat hunting","2021-09-28 13:06:31.857371+00:00"
"23.230.102.53:80","CRU threat hunting","2021-09-28 13:06:31.857371+00:00"
"18.117.58.45:80","CRU threat hunting","2021-09-28 13:06:31.857371+00:00"
"110.78.135.229:80","CRU threat hunting","2021-09-28 13:06:31.857371+00:00"
"187.176.54.246:80","CRU threat hunting","2021-09-28 13:06:31.857371+00:00"
"45.41.94.77:9000","CRU threat hunting","2021-09-28 13:06:31.857371+00:00"
"172.65.125.123:8000","CRU threat hunting","2021-09-28 13:06:31.857371+00:00"
"138.75.54.176:80","CRU threat hunting","2021-09-28 13:06:31.857371+00:00"
"202.114.90.93:80","CRU threat hunting","2021-09-28 13:06:31.857371+00:00"
"54.145.158.237:80","CRU threat hunting","2021-09-28 13:06:31.857371+00:00"
"193.185.29.85:80","CRU threat hunting","2021-09-28 13:06:31.857371+00:00"
"67.229.36.251:80","CRU threat hunting","2021-09-28 13:06:31.857371+00:00"
"45.195.169.57:80","CRU threat hunting","2021-09-28 13:06:31.857371+00:00"
"214.79.103.85:50070","CRU threat hunting","2021-09-28 13:06:31.857371+00:00"
"96.70.35.178:80","CRU threat hunting","2021-09-28 13:06:31.857371+00:00"
"210.87.229.119:8090","CRU threat hunting","2021-09-28 13:06:31.857371+00:00"
"207.244.112.20:80","CRU threat hunting","2021-09-28 13:06:31.857371+00:00"
"185.90.33.73:80","CRU threat hunting","2021-09-28 13:06:31.857371+00:00"
"118.32.251.162:80","CRU threat hunting","2021-09-28 13:06:31.857371+00:00"
"166.104.217.105:80","CRU threat hunting","2021-09-28 13:06:31.857371+00:00"
"2.185.167.210:80","CRU threat hunting","2021-09-28 13:06:31.857371+00:00"
"45.40.153.67:80","CRU threat hunting","2021-09-28 13:06:31.857371+00:00"
"43.251.35.219:80","CRU threat hunting","2021-09-28 13:06:31.857371+00:00"
"193.191.239.96:8000","CRU threat hunting","2021-09-28 13:06:31.857371+00:00"
"20.93.106.20:80","CRU threat hunting","2021-09-28 13:06:31.857371+00:00"
"77.68.28.59:80","CRU threat hunting","2021-09-28 13:06:31.857371+00:00"
"155.0.3.89:80","CRU threat hunting","2021-09-28 13:06:31.857371+00:00"
"190.104.191.147:80","CRU threat hunting","2021-09-28 13:06:31.857371+00:00"
"168.184.249.91:3000","CRU threat hunting","2021-09-28 13:06:31.857371+00:00"
"104.122.102.189:80","CRU threat hunting","2021-09-28 13:06:31.857371+00:00"
"23.218.102.85:80","CRU threat hunting","2021-09-28 13:06:31.857371+00:00"
"23.212.244.128:80","CRU threat hunting","2021-09-28 13:06:31.857371+00:00"
"187.171.233.163:8090","CRU threat hunting","2021-09-28 13:06:31.857371+00:00"
"210.190.166.207:80","CRU threat hunting","2021-09-28 13:06:31.857371+00:00"
"78.70.87.146:9080","CRU threat hunting","2021-09-28 13:06:31.857371+00:00"
"16.170.125.48:80","CRU threat hunting","2021-09-28 13:06:31.857371+00:00"
"78.46.151.204:80","CRU threat hunting","2021-09-28 13:06:31.857371+00:00"
"23.231.82.172:80","CRU threat hunting","2021-09-28 13:06:31.857371+00:00"
"165.3.104.76:80","CRU threat hunting","2021-09-28 13:06:31.857371+00:00"
"168.188.220.223:80","CRU threat hunting","2021-09-28 13:06:31.857371+00:00"
"135.181.161.159:80","CRU threat hunting","2021-09-28 13:06:31.857371+00:00"
"107.186.231.212:80","CRU threat hunting","2021-09-28 13:06:31.857371+00:00"
"40.76.130.102:80","CRU threat hunting","2021-09-28 13:06:31.857371+00:00"
"212.32.242.124:80","CRU threat hunting","2021-09-28 13:06:31.857371+00:00"
"159.89.25.172:80","CRU threat hunting","2021-09-28 13:06:31.857371+00:00"
"90.117.9.135:9080","CRU threat hunting","2021-09-28 13:06:31.857371+00:00"
"52.220.172.158:80","CRU threat hunting","2021-09-28 13:06:31.857371+00:00"
"3.18.88.131:80","CRU threat hunting","2021-09-28 13:06:31.857371+00:00"
"95.158.163.137:80","CRU threat hunting","2021-09-28 13:06:31.857371+00:00"
"117.50.157.106:8080","CRU threat hunting","2021-09-28 13:06:31.857371+00:00"
"83.52.198.211:8000","CRU threat hunting","2021-09-28 13:06:31.857371+00:00"
"52.92.144.40:80","CRU threat hunting","2021-09-28 13:06:31.857371+00:00"
"184.168.238.219:8080","CRU threat hunting","2021-09-28 13:06:31.857371+00:00"
"93.190.42.206:80","CRU threat hunting","2021-09-28 13:06:31.857371+00:00"
"158.199.128.84:80","CRU threat hunting","2021-09-28 13:06:31.857371+00:00"
"154.209.253.139:80","CRU threat hunting","2021-09-28 13:06:31.857371+00:00"
"69.167.160.209:80","CRU threat hunting","2021-09-28 13:06:31.857371+00:00"
"138.136.227.212:9080","CRU threat hunting","2021-09-28 13:06:31.857371+00:00"
"104.102.49.178:80","CRU threat hunting","2021-09-28 13:06:31.857371+00:00"
"88.84.195.142:80","CRU threat hunting","2021-09-28 13:06:31.857371+00:00"
"185.131.97.68:80","CRU threat hunting","2021-09-28 13:06:31.857371+00:00"
"46.101.233.181:80","CRU threat hunting","2021-09-28 13:06:31.857371+00:00"
"193.229.109.104:80","CRU threat hunting","2021-09-28 13:06:31.857371+00:00"
"185.235.132.30:80","CRU threat hunting","2021-09-28 13:06:31.857371+00:00"
"62.210.206.19:80","CRU threat hunting","2021-09-28 13:06:31.857371+00:00"
"52.60.232.229:80","CRU threat hunting","2021-09-28 13:06:31.857371+00:00"
"23.44.247.231:80","CRU threat hunting","2021-09-28 13:06:31.857371+00:00"
"210.71.232.188:80","CRU threat hunting","2021-09-28 13:06:31.857371+00:00"
"1.14.97.143:80","CRU threat hunting","2021-09-28 13:06:31.857371+00:00"
"107.178.177.166:8000","CRU threat hunting","2021-09-28 13:06:31.857371+00:00"
"49.105.186.189:9000","CRU threat hunting","2021-09-28 13:06:31.857371+00:00"
"222.76.212.61:80","CRU threat hunting","2021-09-28 13:06:31.857371+00:00"
"51.91.60.58:81","CRU threat hunting","2021-09-28 13:06:31.857371+00:00"
"88.80.156.42:9000","CRU threat hunting","2021-09-28 13:06:31.857371+00:00"
"104.19.127.188:80","CRU threat hunting","2021-09-28 13:06:31.857371+00:00"
"104.67.62.192:80","CRU threat hunting","2021-09-28 13:06:31.857371+00:00"
"149.169.134.247:80","CRU threat hunting","2021-09-28 13:06:31.857371+00:00"
"110.42.14.48:8000","CRU threat hunting","2021-09-28 13:06:31.857371+00:00"
"35.74.89.10:80","CRU threat hunting","2021-09-28 13:06:31.857371+00:00"
"207.172.78.199:80","CRU threat hunting","2021-09-28 13:06:31.857371+00:00"
"79.96.182.115:80","CRU threat hunting","2021-09-28 13:06:31.857371+00:00"
"209.250.247.64:80","CRU threat hunting","2021-09-28 13:06:31.857371+00:00"
"178.32.156.90:80","CRU threat hunting","2021-09-28 13:06:31.857371+00:00"
"210.233.72.141:80","CRU threat hunting","2021-09-28 13:06:31.857371+00:00"
"160.151.53.76:3080","CRU threat hunting","2021-09-28 13:06:31.857371+00:00"
"43.243.211.24:82","CRU threat hunting","2021-09-28 13:06:31.857371+00:00"
"156.233.152.30:80","CRU threat hunting","2021-09-28 13:06:31.857371+00:00"
"104.64.41.241:80","CRU threat hunting","2021-09-28 13:06:31.857371+00:00"
"211.227.251.247:80","CRU threat hunting","2021-09-28 13:06:31.857371+00:00"
"139.159.180.12:80","CRU threat hunting","2021-09-28 13:06:31.857371+00:00"
"43.248.98.49:80","CRU threat hunting","2021-09-28 13:06:31.857371+00:00"
"173.220.239.180:8000","CRU threat hunting","2021-09-28 13:06:31.857371+00:00"
"208.83.186.10:8001","CRU threat hunting","2021-09-28 13:06:31.857371+00:00"
"154.93.61.91:6379","CRU threat hunting","2021-09-28 13:06:31.857371+00:00"
"202.120.41.219:8090","CRU threat hunting","2021-09-28 13:06:31.857371+00:00"
"98.143.214.26:80","CRU threat hunting","2021-09-28 13:06:31.857371+00:00"
"68.183.21.26:80","CRU threat hunting","2021-09-28 13:06:31.857371+00:00"
"34.220.206.51:9080","CRU threat hunting","2021-09-28 13:06:31.857371+00:00"
"23.65.127.225:80","CRU threat hunting","2021-09-28 13:06:31.857371+00:00"
"217.69.191.36:9001","CRU threat hunting","2021-09-28 13:06:31.857371+00:00"
"104.71.19.239:80","CRU threat hunting","2021-09-28 13:06:31.857371+00:00"
"115.5.233.47:8080","CRU threat hunting","2021-09-28 13:06:31.857371+00:00"
"140.105.222.232:8000","CRU threat hunting","2021-09-28 13:06:31.857371+00:00"
"202.159.30.66:80","CRU threat hunting","2021-09-28 13:06:31.857371+00:00"
"115.96.228.217:80","CRU threat hunting","2021-09-28 13:06:31.857371+00:00"
"90.24.72.218:80","CRU threat hunting","2021-09-28 13:06:31.857371+00:00"
"51.161.156.204:8080","CRU threat hunting","2021-09-28 13:06:31.857371+00:00"
"212.95.133.155:2086","CRU threat hunting","2021-09-28 13:06:31.857371+00:00"
"188.14.202.67:8000","CRU threat hunting","2021-09-28 13:06:31.857371+00:00"
"90.117.247.218:2086","CRU threat hunting","2021-09-28 13:06:31.857371+00:00"
"83.150.239.130:80","CRU threat hunting","2021-09-28 13:06:31.857371+00:00"
"140.227.21.176:8000","CRU threat hunting","2021-09-28 13:06:31.857371+00:00"
"192.254.167.239:80","CRU threat hunting","2021-09-28 13:06:31.857371+00:00"
"115.11.184.79:8080","CRU threat hunting","2021-09-28 13:06:31.857371+00:00"
"52.88.43.7:80","CRU threat hunting","2021-09-28 13:06:31.857371+00:00"
"163.191.78.20:80","CRU threat hunting","2021-09-28 13:06:31.857371+00:00"
"195.244.186.21:9001","CRU threat hunting","2021-09-28 13:06:31.857371+00:00"
"104.68.71.74:80","CRU threat hunting","2021-09-28 13:06:31.857371+00:00"
"54.39.101.111:80","CRU threat hunting","2021-09-28 13:06:31.857371+00:00"
"171.252.123.59:82","CRU threat hunting","2021-09-28 13:06:31.857371+00:00"
"193.9.21.91:80","CRU threat hunting","2021-09-28 13:06:31.857371+00:00"
"23.235.215.13:80","CRU threat hunting","2021-09-28 13:06:31.857371+00:00"
"143.83.14.142:50070","CRU threat hunting","2021-09-28 13:06:31.857371+00:00"
"197.254.96.250:80","CRU threat hunting","2021-09-28 13:06:31.857371+00:00"
"202.90.70.83:80","CRU threat hunting","2021-09-28 13:06:31.857371+00:00"
"121.6.219.4:8000","CRU threat hunting","2021-09-28 13:06:31.857371+00:00"
"73.221.33.42:80","CRU threat hunting","2021-09-28 13:06:31.857371+00:00"
"208.185.93.201:80","CRU threat hunting","2021-09-28 13:06:31.857371+00:00"
"104.164.51.183:80","CRU threat hunting","2021-09-28 13:06:31.857371+00:00"
"3.104.220.40:80","CRU threat hunting","2021-09-28 13:06:31.857371+00:00"
"104.165.183.85:80","CRU threat hunting","2021-09-28 13:06:31.857371+00:00"
"23.0.103.117:80","CRU threat hunting","2021-09-28 13:06:31.857371+00:00"
"47.181.42.81:80","CRU threat hunting","2021-09-28 13:06:31.857371+00:00"
"214.77.49.35:9080","CRU threat hunting","2021-09-28 13:06:31.857371+00:00"
"201.137.63.52:80","CRU threat hunting","2021-09-28 13:06:31.857371+00:00"
"63.33.85.154:80","CRU threat hunting","2021-09-28 13:06:31.857371+00:00"
"193.77.34.128:80","CRU threat hunting","2021-09-28 13:06:31.857371+00:00"
"52.242.120.94:80","CRU threat hunting","2021-09-28 13:06:31.857371+00:00"
"8.140.155.211:80","CRU threat hunting","2021-09-28 13:06:31.857371+00:00"
"160.121.216.246:80","CRU threat hunting","2021-09-28 13:06:31.857371+00:00"
"104.106.212.52:80","CRU threat hunting","2021-09-28 13:06:31.857371+00:00"
"206.81.101.175:80","CRU threat hunting","2021-09-28 13:06:31.857371+00:00"
"13.111.145.178:80","CRU threat hunting","2021-09-28 13:06:31.857371+00:00"
"179.209.155.135:8080","CRU threat hunting","2021-09-28 13:06:31.857371+00:00"
"43.246.119.51:7002","CRU threat hunting","2021-09-28 13:06:31.857371+00:00"
"84.197.168.116:8090","CRU threat hunting","2021-09-28 13:06:31.857371+00:00"
"177.20.186.127:81","CRU threat hunting","2021-09-28 13:06:31.857371+00:00"
"91.250.115.186:80","CRU threat hunting","2021-09-28 13:06:31.857371+00:00"
"103.45.112.5:80","CRU threat hunting","2021-09-28 13:06:31.857371+00:00"
"asos.click","DCRat, exe","2021-09-22 07:18:54.657275+00:00"
"166.104.0.145:80","CRU threat hunting","2021-09-28 13:06:31.857371+00:00"
"23.74.122.90:80","CRU threat hunting","2021-09-28 13:06:31.857371+00:00"
"89.38.248.182:8090","CRU threat hunting","2021-09-28 13:06:31.857371+00:00"
"107.165.23.16:80","CRU threat hunting","2021-09-28 13:06:31.857371+00:00"
"58.253.70.187:80","CRU threat hunting","2021-09-28 13:06:31.857371+00:00"
"194.34.235.3:80","CRU threat hunting","2021-09-28 13:06:31.857371+00:00"
"35.73.244.88:9000","CRU threat hunting","2021-09-28 13:06:31.857371+00:00"
"140.249.17.152:80","CRU threat hunting","2021-09-28 13:06:31.857371+00:00"
"198.54.123.195:80","CRU threat hunting","2021-09-28 13:06:31.857371+00:00"
"64.88.163.230:80","CRU threat hunting","2021-09-28 13:06:31.857371+00:00"
"159.89.122.156:80","CRU threat hunting","2021-09-28 13:06:31.857371+00:00"
"78.189.47.51:80","CRU threat hunting","2021-09-28 13:06:31.857371+00:00"
"13.35.162.39:80","CRU threat hunting","2021-09-28 13:06:31.857371+00:00"
"140.17.18.124:8042","CRU threat hunting","2021-09-28 13:06:31.857371+00:00"
"182.92.6.219:80","CRU threat hunting","2021-09-28 13:06:31.857371+00:00"
"68.225.62.155:9000","CRU threat hunting","2021-09-28 13:06:31.857371+00:00"
"www.roytoys.xyz","exe, Formbook, xloader","2021-09-23 07:34:45.597173+00:00"
"www.nepll.com","exe, Formbook, xloader","2021-09-23 07:34:45.597173+00:00"
"www.cbuqn.com","exe, Formbook, xloader","2021-09-23 07:34:45.597173+00:00"
"www.piazzaassociates.com","exe, Formbook, xloader","2021-09-23 07:34:45.597173+00:00"
"www.successportal.net","exe, Formbook, xloader","2021-09-23 07:34:45.597173+00:00"
"193.182.177.133:80","CRU threat hunting","2021-09-28 13:06:31.857371+00:00"
"180.215.145.147:80","CRU threat hunting","2021-09-28 13:06:31.857371+00:00"
"159.69.189.161:80","CRU threat hunting","2021-09-28 13:06:31.857371+00:00"
"185.46.52.141:80","CRU threat hunting","2021-09-28 13:06:31.857371+00:00"
"188.65.95.64:81","CRU threat hunting","2021-09-28 13:06:31.857371+00:00"
"47.192.176.165:80","CRU threat hunting","2021-09-28 13:06:31.857371+00:00"
"www.lookyanychev-gallery.store","exe, Formbook, xloader","2021-09-23 07:34:45.597173+00:00"
"191.61.40.88:3080","CRU threat hunting","2021-09-28 13:06:31.857371+00:00"
"100.43.153.203:80","CRU threat hunting","2021-09-28 13:06:31.857371+00:00"
"89.178.230.120:80","CRU threat hunting","2021-09-28 13:06:31.857371+00:00"
"www.memory-information.club","exe, Formbook, xloader","2021-09-23 07:34:45.597173+00:00"
"166.104.67.71:9080","CRU threat hunting","2021-09-28 13:06:31.857371+00:00"
"www.life-lover.com","exe, Formbook, xloader","2021-09-23 07:34:45.597173+00:00"
"www.kelloscosplay.com","exe, Formbook, xloader","2021-09-23 07:34:45.597173+00:00"
"www.industrialohare.com","exe, Formbook, xloader","2021-09-23 07:34:45.597173+00:00"
"118.48.1.61:8080","CRU threat hunting","2021-09-28 13:06:31.857371+00:00"
"www.microexpertise.com","exe, Formbook, xloader","2021-09-23 07:34:45.597173+00:00"
"www.espraycash.com","exe, Formbook, xloader","2021-09-23 07:34:45.597173+00:00"
"www.inpude.com","exe, Formbook, xloader","2021-09-23 07:34:45.597173+00:00"
"www.pavlonmedia.net","exe, Formbook, xloader","2021-09-23 07:34:45.597173+00:00"
"www.ktnword.xyz","exe, Formbook, xloader","2021-09-23 07:34:45.597173+00:00"
"www.goddistorted.com","exe, Formbook, xloader","2021-09-23 07:34:45.597173+00:00"
"23.193.238.16:80","CRU threat hunting","2021-09-28 13:06:31.857371+00:00"
"www.itooze.com","exe, Formbook, xloader","2021-09-23 07:34:45.597173+00:00"
"www.jen4x.com","exe, Formbook, xloader","2021-09-23 07:34:45.597173+00:00"
"www.lpddr3.com","exe, Formbook, xloader","2021-09-23 07:34:45.597173+00:00"
"www.kmi.contractors","exe, Formbook, xloader","2021-09-23 07:34:45.597173+00:00"
"92.63.101.154:80","CRU threat hunting","2021-09-28 13:06:31.857371+00:00"
"23.51.59.75:80","CRU threat hunting","2021-09-28 13:06:31.857371+00:00"
"www.dungeonlooters.club","exe, Formbook, xloader","2021-09-23 07:40:49.670880+00:00"
"www.asteriatest.xyz","exe, Formbook, xloader","2021-09-23 07:40:49.670880+00:00"
"www.mistrymethod.com","exe, Formbook, xloader","2021-09-23 07:40:49.670880+00:00"
"www.murillopa.xyz","exe, Formbook, xloader","2021-09-23 07:40:49.670880+00:00"
"www.048yu.xyz","exe, Formbook, xloader","2021-09-23 07:40:49.670880+00:00"
"www.criticalequipmentservices.com","exe, Formbook, xloader","2021-09-23 07:40:49.670880+00:00"
"45.56.166.154:80","CRU threat hunting","2021-09-28 13:06:31.857371+00:00"
"www.clearing.global","exe, Formbook, xloader","2021-09-23 07:40:49.670880+00:00"
"www.villamanagementinalgarve.com","exe, Formbook, xloader","2021-09-23 07:40:49.670880+00:00"
"www.scottishbeachhuts.com","exe, Formbook, xloader","2021-09-23 07:40:49.670880+00:00"
"www.earlylearningadvisors.com","exe, Formbook, xloader","2021-09-23 07:40:49.670880+00:00"
"51.81.186.92:80","CRU threat hunting","2021-09-28 13:06:31.857371+00:00"
"www.happynotebooks.com","exe, Formbook, xloader","2021-09-23 07:40:49.670880+00:00"
"www.dawnclass.com","exe, Formbook, xloader","2021-09-23 07:40:49.670880+00:00"
"www.infiab.com","exe, Formbook, xloader","2021-09-23 07:40:49.670880+00:00"
"118.44.246.43:80","CRU threat hunting","2021-09-28 13:06:31.857371+00:00"
"www.safeguardinspector.com","exe, Formbook, xloader","2021-09-23 07:40:49.670880+00:00"
"www.vaveform.com","exe, Formbook, xloader","2021-09-23 07:40:49.670880+00:00"
"www.anthonytowers.com","exe, Formbook, xloader","2021-09-23 07:40:49.670880+00:00"
"96.238.8.225:80","CRU threat hunting","2021-09-28 13:06:31.857371+00:00"
"www.rtk-europe.com","exe, Formbook, xloader","2021-09-23 07:40:49.670880+00:00"
"www.vizitspain.com","exe, Formbook, xloader","2021-09-23 07:40:49.670880+00:00"
"5.180.155.33:80","CRU threat hunting","2021-09-28 13:06:31.857371+00:00"
"23.13.114.220:80","CRU threat hunting","2021-09-28 13:06:31.857371+00:00"
"www.jingkevip.com","exe, Formbook, xloader","2021-09-23 07:40:49.670880+00:00"
"www.e0852.com","exe, Formbook, xloader","2021-09-23 07:40:49.670880+00:00"
"119.23.84.237:9080","CRU threat hunting","2021-09-28 13:06:31.857371+00:00"
"www.norllix.com","exe, Formbook, xloader","2021-09-23 07:40:49.670880+00:00"
"169.237.34.13:80","CRU threat hunting","2021-09-28 13:06:31.857371+00:00"
"gx1.monerorx.com:8800","CoinMiner, exe","2021-09-23 07:41:03.220610+00:00"
"67.221.204.214:80","CRU threat hunting","2021-09-28 13:06:31.857371+00:00"
"www.onlinegiftcards.xyz","Formbook, zip","2021-09-23 07:52:30.927705+00:00"
"www.e9gift.com","Formbook, zip","2021-09-23 07:52:30.927705+00:00"
"www.zhantool.com","Formbook, zip","2021-09-23 07:52:30.927705+00:00"
"www.ils.network","Formbook, zip","2021-09-23 07:52:30.927705+00:00"
"www.1stwill.com","Formbook, zip","2021-09-23 07:52:30.927705+00:00"
"www.syedaakanwal.online","Formbook, zip","2021-09-23 07:52:30.927705+00:00"
"www.clutchhealthperformance.com","Formbook, zip","2021-09-23 07:52:30.927705+00:00"
"www.ggsp3.xyz","Formbook, zip","2021-09-23 07:52:30.927705+00:00"
"www.mygeeb.com","Formbook, zip","2021-09-23 07:52:30.927705+00:00"
"www.littlebluestemcupcakes.com","Formbook, zip","2021-09-23 07:52:30.927705+00:00"
"www.freesoft.pro","Formbook, zip","2021-09-23 07:52:30.927705+00:00"
"www.serpenttrading.com","Formbook, zip","2021-09-23 07:52:30.927705+00:00"
"www.extracter.store","Formbook, zip","2021-09-23 07:52:30.927705+00:00"
"www.deepscan3d.com","Formbook, zip","2021-09-23 07:52:30.927705+00:00"
"www.laexpodreams.com","Formbook, zip","2021-09-23 07:52:30.927705+00:00"
"www.eletro-laser.com","Formbook, zip","2021-09-23 07:52:30.927705+00:00"
"www.lepetiteimport.com","Formbook, zip","2021-09-23 07:52:30.927705+00:00"
"www.fdmetaverse.com","Formbook, zip","2021-09-23 07:52:30.927705+00:00"
"www.olinia.xyz","Formbook, zip","2021-09-23 07:52:30.927705+00:00"
"149.129.137.234:80","CRU threat hunting","2021-09-28 13:06:31.857371+00:00"
"www.midatlanticbathremodel.com","Formbook, zip","2021-09-23 07:52:30.927705+00:00"
"www.caddomain.com","Formbook, zip","2021-09-23 07:52:30.927705+00:00"
"www.aieov.com","exe, Macoute","2021-09-23 08:07:52.718228+00:00"
"116.203.117.220","exe, Osiris","2021-09-23 08:09:35.694250+00:00"
"46.105.143.215","exe, Osiris","2021-09-23 08:09:35.694250+00:00"
"51.15.219.225","exe, Osiris","2021-09-23 08:09:35.694250+00:00"
"62.210.123.24","exe, Osiris","2021-09-23 08:09:35.694250+00:00"
"37.59.76.255","exe, Osiris","2021-09-23 08:09:35.694250+00:00"
"87.98.185.5","exe, Osiris","2021-09-23 08:09:35.694250+00:00"
"193.38.255.253","exe, Osiris","2021-09-23 08:09:35.694250+00:00"
"93.115.86.8","exe, Osiris","2021-09-23 08:09:35.694250+00:00"
"95.211.205.138","exe, Osiris","2021-09-23 08:09:35.694250+00:00"
"92.60.39.18","exe, Osiris","2021-09-23 08:09:35.694250+00:00"
"185.227.82.7","exe, Osiris","2021-09-23 08:09:35.694250+00:00"
"37.221.67.55","exe, Osiris","2021-09-23 08:09:35.694250+00:00"
"109.70.100.13","exe, Osiris","2021-09-23 08:09:35.694250+00:00"
"45.95.235.197","exe, Osiris","2021-09-23 08:09:35.694250+00:00"
"79.172.193.65","exe, Osiris","2021-09-23 08:09:35.694250+00:00"
"80.100.69.97","exe, Osiris","2021-09-23 08:09:35.694250+00:00"
"49.12.115.210","exe, Osiris","2021-09-23 08:09:35.694250+00:00"
"81.30.158.121","exe, Osiris","2021-09-23 08:09:35.694250+00:00"
"178.63.41.58","exe, Osiris","2021-09-23 08:09:35.694250+00:00"
"205.72.101.16:8042","CRU threat hunting","2021-09-28 13:06:31.857371+00:00"
"51.161.43.238","exe, Osiris","2021-09-23 08:09:48.490480+00:00"
"31.207.89.49","exe, Osiris","2021-09-23 08:09:48.490480+00:00"
"95.216.137.135","exe, Osiris","2021-09-23 08:09:48.490480+00:00"
"78.47.226.12","exe, Osiris","2021-09-23 08:09:48.490480+00:00"
"91.219.239.92","exe, Osiris","2021-09-23 08:09:48.490480+00:00"
"130.61.51.183","exe, Osiris","2021-09-23 08:09:48.490480+00:00"
"163.172.127.18","exe, Osiris","2021-09-23 08:09:48.490480+00:00"
"2.200.104.219","exe, Osiris","2021-09-23 08:09:48.490480+00:00"
"185.225.69.59","exe, Osiris","2021-09-23 08:09:48.490480+00:00"
"185.107.83.1","exe, Osiris","2021-09-23 08:09:48.490480+00:00"
"178.63.172.14","exe, Osiris","2021-09-23 08:09:48.490480+00:00"
"45.142.214.89","exe, Osiris","2021-09-23 08:09:48.490480+00:00"
"193.234.15.57","exe, Osiris","2021-09-23 08:09:48.490480+00:00"
"124.217.246.97","exe, Osiris","2021-09-23 08:09:48.490480+00:00"
"178.254.20.159","exe, Osiris","2021-09-23 08:09:48.490480+00:00"
"68.183.26.98:80","CRU threat hunting","2021-09-28 13:06:31.857371+00:00"
"2.20.23.240:80","CRU threat hunting","2021-09-28 13:06:31.857371+00:00"
"91.75.2.214:8080","CRU threat hunting","2021-09-28 13:06:31.857371+00:00"
"151.101.32.166:80","CRU threat hunting","2021-09-28 13:06:31.857371+00:00"
"38.147.122.254","exe, Osiris","2021-09-23 08:22:52.747461+00:00"
"31.18.74.51","exe, Osiris","2021-09-23 08:22:52.747461+00:00"
"109.70.100.79","exe, Osiris","2021-09-23 08:22:52.747461+00:00"
"167.86.126.10","exe, Osiris","2021-09-23 08:22:52.747461+00:00"
"163.191.142.217:3080","CRU threat hunting","2021-09-28 13:06:31.857371+00:00"
"144.202.43.83:80","CRU threat hunting","2021-09-28 13:06:31.857371+00:00"
"173.164.44.114:81","CRU threat hunting","2021-09-28 13:06:31.857371+00:00"
"23.210.97.107:80","CRU threat hunting","2021-09-28 13:06:31.857371+00:00"
"54.69.56.41:80","CRU threat hunting","2021-09-28 13:06:31.857371+00:00"
"27.70.177.126:8001","CRU threat hunting","2021-09-28 13:06:31.857371+00:00"
"166.62.30.39:80","CRU threat hunting","2021-09-28 13:06:31.857371+00:00"
"wrrst.top","exe, Stop","2021-09-23 08:54:54.689893+00:00"
"159.69.203.58","exe, Stop","2021-09-23 08:54:54.689893+00:00"
"www.aoironote.com","exe, Formbook","2021-09-23 09:00:41.693949+00:00"
"www.cyberbesttechnology.com","exe, Formbook","2021-09-23 09:00:41.693949+00:00"
"www.fscmyc.com","exe, Formbook","2021-09-23 09:00:41.693949+00:00"
"www.buythedamnbike.com","exe, Formbook","2021-09-23 09:00:41.693949+00:00"
"www.ethics.tools","exe, Formbook","2021-09-23 09:00:41.693949+00:00"
"www.advertisingresult.com","exe, Formbook","2021-09-23 09:00:41.693949+00:00"
"www.7q3qq3.com","exe, Formbook","2021-09-23 09:00:41.693949+00:00"
"www.tradebot.icu","exe, Formbook","2021-09-23 09:00:41.693949+00:00"
"www.famliytaste.com","exe, Formbook","2021-09-23 09:00:41.693949+00:00"
"www.offlces.com","exe, Formbook","2021-09-23 09:00:41.693949+00:00"
"www.a3chic.com","exe, Formbook","2021-09-23 09:00:41.693949+00:00"
"www.tecmovco.com","exe, Formbook","2021-09-23 09:00:41.693949+00:00"
"faridabadrepair.in","exe, SnakeKeylogger","2021-09-24 07:31:35.673160+00:00"
"www.magicspaces.biz","exe, Formbook","2021-09-24 07:54:29.571101+00:00"
"www.sinushelpnm.com","exe, Formbook","2021-09-24 07:54:29.571101+00:00"
"www.olapeb.com","exe, Formbook","2021-09-24 07:54:29.571101+00:00"
"www.simera.xyz","exe, Formbook","2021-09-24 07:54:29.571101+00:00"
"www.lobbykw.com","exe, Formbook","2021-09-24 07:54:29.571101+00:00"
"www.cardiopulmonaryservices.com","exe, Formbook","2021-09-24 07:54:29.571101+00:00"
"www.broughttolife.store","exe, Formbook","2021-09-24 07:54:29.571101+00:00"
"www.overstock-outlet.com","exe, Formbook","2021-09-24 07:54:29.571101+00:00"
"www.nickpacifico.com","exe, Formbook","2021-09-24 07:54:29.571101+00:00"
"www.skullz.xyz","exe, Formbook","2021-09-24 07:54:29.571101+00:00"
"www.tallyeye.com","exe, Formbook","2021-09-24 07:54:29.571101+00:00"
"www.freelancecentral.net","exe, Formbook","2021-09-24 07:54:29.571101+00:00"
"www.vkgcrew.com","ESP, exe, Formbook, geo","2021-09-24 08:32:51.769062+00:00"
"cdn.atlassian.com","CobaltStrike","2021-09-25 08:20:03.574707+00:00"
"round-truth-58c8.updatecheck.workers.dev:443","CobaltStrike","2021-09-25 08:20:16.271058+00:00"
"www.productsdesign.top","exe, Formbook","2021-09-29 07:28:15.714077+00:00"
"www.aedificeproperty.com","exe, Formbook","2021-09-29 07:28:15.714077+00:00"
"www.intellibotz.com","exe, Formbook","2021-09-29 07:28:15.714077+00:00"
"www.devopswave.com","exe, Formbook","2021-09-29 07:28:15.714077+00:00"
"74f26d34ffff049368a6cff8812f86ee.gq","exe, Loki","2021-09-27 07:25:42.968321+00:00"
"www.linkared.com","exe, Formbook","2021-09-29 07:28:15.714077+00:00"
"www.edgar-regale.com","exe, Formbook","2021-09-29 07:28:15.714077+00:00"
"www.escueladecampo.com","exe, Formbook","2021-09-29 07:28:15.714077+00:00"
"155.138.201.103:60259","exe, RedLineStealer","2021-09-27 08:04:09.699564+00:00"
"jlpack.email","exe, Loki","2021-09-27 08:05:37.794494+00:00"
"37.221.66.249","exe, Osiris","2021-09-14 07:23:45.488024+00:00"
"213.239.213.190","exe, Osiris","2021-09-14 07:23:45.488024+00:00"
"51.89.143.159","exe, Osiris","2021-09-14 07:23:45.488024+00:00"
"37.187.102.108","exe, Osiris","2021-09-14 07:23:45.488024+00:00"
"93.118.32.51","exe, Osiris","2021-09-14 07:23:45.488024+00:00"
"37.221.66.252","exe, Osiris","2021-09-14 07:23:45.488024+00:00"
"www.heldyn.com","exe, Formbook","2021-09-29 07:28:15.714077+00:00"
"102.130.112.81","exe, Osiris","2021-09-14 07:23:45.488024+00:00"
"www.sanieart.com","exe, Formbook","2021-09-29 07:28:15.714077+00:00"
"87.122.195.218","exe, Osiris","2021-09-14 07:23:45.488024+00:00"
"51.77.50.229","exe, Osiris","2021-09-14 07:23:45.488024+00:00"
"85.214.128.156","exe, Osiris","2021-09-14 07:23:45.488024+00:00"
"23.88.105.196","exe, Stop","2021-09-28 07:34:08.563962+00:00"
"195.58.49.172","exe, Osiris","2021-09-14 07:23:45.488024+00:00"
"znpst.top","exe, Stop","2021-09-28 07:34:08.563962+00:00"
"128.39.8.29","exe, Osiris","2021-09-14 07:23:45.488024+00:00"
"94.140.114.128","exe, Osiris","2021-09-14 07:23:45.488024+00:00"
"www.bordandoartes.com","Formbook, zip","2021-09-29 07:49:24.581416+00:00"
"43.252.37.14","exe, Osiris","2021-09-14 07:23:45.488024+00:00"
"109.70.100.9","exe, Osiris","2021-09-14 07:23:45.488024+00:00"
"45.141.156.107","exe, Osiris","2021-09-14 07:23:45.488024+00:00"
"213.152.168.27","exe, Osiris","2021-09-14 07:23:45.488024+00:00"
"62.112.10.154","exe, Osiris","2021-09-14 07:23:45.488024+00:00"
"185.220.103.117","exe, Osiris","2021-09-14 07:23:45.488024+00:00"
"152.115.46.132","exe, Osiris","2021-09-14 07:23:45.488024+00:00"
"162.241.92.219:8080","Emotet, exe, Heodo","2021-09-14 07:24:36.743472+00:00"
"www.shiftmedicalstaffing.agency","exe, Formbook, xloader","2021-09-28 08:01:59.004600+00:00"
"www.aliceguidi.info","exe, Formbook, xloader","2021-09-28 08:01:59.004600+00:00"
"www.g1fz.com","exe, Formbook, xloader","2021-09-28 08:01:59.004600+00:00"
"www.freedomnofear.com","exe, Formbook, xloader","2021-09-28 08:01:59.004600+00:00"
"www.element-light.com","exe, Formbook, xloader","2021-09-28 08:01:59.004600+00:00"
"www.getkyrobak.com","exe, Formbook, xloader","2021-09-28 08:01:59.004600+00:00"
"www.yangmoo.com","exe, Formbook, xloader","2021-09-28 08:01:59.004600+00:00"
"www.oshitoishi.net","exe, Formbook, xloader","2021-09-28 08:01:59.004600+00:00"
"www.investmentqualityjewels.com","exe, Formbook, xloader","2021-09-28 08:01:59.004600+00:00"
"www.embutidosdigitales.com","exe, Formbook, xloader","2021-09-28 08:01:59.004600+00:00"
"www.grand-polyana.com","exe, Formbook, xloader","2021-09-28 08:01:59.004600+00:00"
"www.william188.com","exe, Formbook, xloader","2021-09-28 08:01:59.004600+00:00"
"www.yota.store","Formbook, zip","2021-09-29 07:49:24.581416+00:00"
"www.nudesalon.digital","Formbook, zip","2021-09-29 07:49:24.581416+00:00"
"www.socialenterprisestudio.com","Formbook, zip","2021-09-29 07:49:24.581416+00:00"
"103.102.46.57","exe, Osiris","2021-09-14 07:30:24.318530+00:00"
"185.163.45.253","exe, Osiris","2021-09-14 07:30:24.318530+00:00"
"www.gspotworld.com","Formbook, zip","2021-09-29 07:49:24.581416+00:00"
"172.104.85.43","exe, Osiris","2021-09-14 07:30:24.318530+00:00"
"176.10.99.202","exe, Osiris","2021-09-14 07:30:24.318530+00:00"
"150.136.62.109","exe, Osiris","2021-09-14 07:30:24.318530+00:00"
"178.162.194.210","exe, Osiris","2021-09-14 07:30:24.318530+00:00"
"179.43.134.188","exe, Osiris","2021-09-14 07:30:24.318530+00:00"
"94.130.40.100","exe, Osiris","2021-09-14 07:30:24.318530+00:00"
"23.160.193.176","exe, Osiris","2021-09-14 07:52:00.362898+00:00"
"89.233.43.74","exe, Osiris","2021-09-14 07:52:00.362898+00:00"
"54.38.219.250","exe, Osiris","2021-09-14 07:52:00.362898+00:00"
"176.9.75.110","exe, Osiris","2021-09-14 07:52:00.362898+00:00"
"88.214.35.37","exe, Osiris","2021-09-14 07:52:00.362898+00:00"
"51.158.173.137","exe, Osiris","2021-09-14 07:52:00.362898+00:00"
"188.68.46.164","exe, Osiris","2021-09-14 07:52:00.362898+00:00"
"92.243.6.46","exe, Osiris","2021-09-14 07:52:00.362898+00:00"
"202.239.38.249","exe, Osiris","2021-09-14 07:52:00.362898+00:00"
"185.239.222.243","exe, Osiris","2021-09-14 07:52:00.362898+00:00"
"51.81.187.175","exe, Osiris","2021-09-14 07:52:00.362898+00:00"
"172.104.21.183","exe, Osiris","2021-09-14 07:52:00.362898+00:00"
"37.221.66.253","exe, Osiris","2021-09-14 07:52:00.362898+00:00"
"50.254.218.37","exe, Osiris","2021-09-14 07:56:17.111631+00:00"
"37.221.67.54","exe, Osiris","2021-09-14 07:56:17.111631+00:00"
"157.90.235.119","exe, Osiris","2021-09-14 07:56:17.111631+00:00"
"52.141.33.89","exe, Osiris","2021-09-14 07:56:17.111631+00:00"
"abgtt.com","ArkeiStealer, exe","2021-09-28 09:06:12.561376+00:00"
"46.232.250.51","exe, Osiris","2021-09-14 07:56:17.111631+00:00"
"23.154.177.70","exe, Osiris","2021-09-14 07:56:17.111631+00:00"
"185.82.127.48","exe, Osiris","2021-09-14 07:56:17.111631+00:00"
"51.75.64.245","exe, Osiris","2021-09-14 07:56:17.111631+00:00"
"admin.svapofit.com","AZORult, exe","2021-09-28 09:15:46.592950+00:00"
"77.123.155.45","exe, Osiris","2021-09-14 07:56:17.111631+00:00"
"79.205.254.149","exe, Osiris","2021-09-14 07:56:17.111631+00:00"
"147.135.4.68","exe, Osiris","2021-09-14 07:56:17.111631+00:00"
"193.234.15.60","exe, Osiris","2021-09-14 07:56:17.111631+00:00"
"188.127.69.60","exe, Osiris","2021-09-14 07:56:17.111631+00:00"
"193.164.7.71:22541","exe, RedLineStealer","2021-09-28 09:17:13.512312+00:00"
"176.10.99.210","exe, Osiris","2021-09-14 07:56:17.111631+00:00"
"186.6.234.253:80","CRU threat hunting","2021-09-28 13:06:31.857371+00:00"
"104.232.64.40:80","CRU threat hunting","2021-09-28 13:06:31.857371+00:00"
"175.107.198.82:80","CRU threat hunting","2021-09-28 13:06:31.857371+00:00"
"217.128.49.13:80","CRU threat hunting","2021-09-28 13:06:31.857371+00:00"
"23.55.78.60:80","CRU threat hunting","2021-09-28 13:06:31.857371+00:00"
"162.72.58.114:80","CRU threat hunting","2021-09-28 13:06:31.857371+00:00"
"5.53.234.237:80","CRU threat hunting","2021-09-28 13:06:31.857371+00:00"
"eurob.xyz","exe, geo, Halkbank, OskiStealer, TUR","2021-09-14 08:55:39.691144+00:00"
"50.212.230.177:80","CRU threat hunting","2021-09-28 13:06:31.857371+00:00"
"114.34.190.208:80","CRU threat hunting","2021-09-28 13:06:31.857371+00:00"
"103.97.200.64:82","CRU threat hunting","2021-09-28 13:06:31.857371+00:00"
"45.117.182.27:80","CRU threat hunting","2021-09-28 13:06:31.857371+00:00"
"79.107.5.71:80","CRU threat hunting","2021-09-28 13:06:31.857371+00:00"
"172.65.253.188:81","CRU threat hunting","2021-09-28 13:06:31.857371+00:00"
"52.10.244.136:80","CRU threat hunting","2021-09-28 13:06:31.857371+00:00"
"103.85.151.206:80","CRU threat hunting","2021-09-28 13:06:31.857371+00:00"
"119.249.53.190:80","CRU threat hunting","2021-09-28 13:06:31.857371+00:00"
"18.237.241.150:80","CRU threat hunting","2021-09-28 13:06:31.857371+00:00"
"23.108.168.204:9001","CRU threat hunting","2021-09-28 13:06:31.857371+00:00"
"185.138.76.47:80","CRU threat hunting","2021-09-28 13:06:31.857371+00:00"
"197.52.183.215:80","CRU threat hunting","2021-09-28 13:06:31.857371+00:00"
"142.139.25.89:80","CRU threat hunting","2021-09-28 13:06:31.857371+00:00"
"104.25.152.101:80","CRU threat hunting","2021-09-28 13:06:31.857371+00:00"
"144.76.188.144:80","CRU threat hunting","2021-09-28 13:06:31.857371+00:00"
"130.25.125.216:80","CRU threat hunting","2021-09-28 13:06:31.857371+00:00"
"51.38.123.75:80","CRU threat hunting","2021-09-28 13:06:31.857371+00:00"
"218.147.9.130:80","CRU threat hunting","2021-09-28 13:06:31.857371+00:00"
"128.48.91.43:80","CRU threat hunting","2021-09-28 13:06:31.857371+00:00"
"125.221.192.14:80","CRU threat hunting","2021-09-28 13:06:31.857371+00:00"
"34.233.243.54:80","CRU threat hunting","2021-09-28 13:06:31.857371+00:00"
"213.183.24.137:80","CRU threat hunting","2021-09-28 13:06:31.857371+00:00"
"104.76.112.168:80","CRU threat hunting","2021-09-28 13:06:31.857371+00:00"
"34.98.84.138:8090","CRU threat hunting","2021-09-28 13:06:31.857371+00:00"
"138.138.142.204:3080","CRU threat hunting","2021-09-28 13:06:31.857371+00:00"
"147.46.233.240:80","CRU threat hunting","2021-09-28 13:06:31.857371+00:00"
"23.216.31.121:80","CRU threat hunting","2021-09-28 13:06:31.857371+00:00"
"50.243.7.230:80","CRU threat hunting","2021-09-28 13:06:31.857371+00:00"
"190.0.9.163:80","CRU threat hunting","2021-09-28 13:06:31.857371+00:00"
"217.86.217.201:80","CRU threat hunting","2021-09-28 13:06:31.857371+00:00"
"213.163.83.241:80","CRU threat hunting","2021-09-28 13:06:31.857371+00:00"
"125.153.45.146:8080","CRU threat hunting","2021-09-28 13:06:31.857371+00:00"
"134.0.116.4:80","CRU threat hunting","2021-09-28 13:06:31.857371+00:00"
"108.190.134.248:81","CRU threat hunting","2021-09-28 13:06:31.857371+00:00"
"128.134.113.243:8001","CRU threat hunting","2021-09-28 13:06:31.857371+00:00"
"82.146.35.34:80","CRU threat hunting","2021-09-28 13:06:31.857371+00:00"
"103.27.201.223:80","CRU threat hunting","2021-09-28 13:06:31.857371+00:00"
"156.240.106.109:80","CRU threat hunting","2021-09-28 13:06:31.857371+00:00"
"152.92.19.205:80","CRU threat hunting","2021-09-28 13:06:31.857371+00:00"
"97.119.127.84:80","CRU threat hunting","2021-09-28 13:06:31.857371+00:00"
"173.222.212.79:80","CRU threat hunting","2021-09-28 13:06:31.857371+00:00"
"27.155.88.91:6379","CRU threat hunting","2021-09-28 13:06:31.857371+00:00"
"39.109.96.187:8090","CRU threat hunting","2021-09-28 13:06:31.857371+00:00"
"50.2.144.137:80","CRU threat hunting","2021-09-28 13:06:31.857371+00:00"
"157.157.84.214:81","CRU threat hunting","2021-09-28 13:06:31.857371+00:00"
"209.134.12.156:80","CRU threat hunting","2021-09-28 13:06:31.857371+00:00"
"5.196.213.210:80","CRU threat hunting","2021-09-28 13:06:31.857371+00:00"
"108.60.213.167:80","CRU threat hunting","2021-09-28 13:06:31.857371+00:00"
"157.185.177.78:8042","CRU threat hunting","2021-09-28 13:06:31.857371+00:00"
"46.4.211.202:80","CRU threat hunting","2021-09-28 13:06:31.857371+00:00"
"104.79.248.123:80","CRU threat hunting","2021-09-28 13:06:31.857371+00:00"
"104.106.32.11:80","CRU threat hunting","2021-09-28 13:06:31.857371+00:00"
"81.71.145.166:80","CRU threat hunting","2021-09-28 13:06:31.857371+00:00"
"13.225.179.102:80","CRU threat hunting","2021-09-28 13:06:31.857371+00:00"
"106.14.252.72:80","CRU threat hunting","2021-09-28 13:06:31.857371+00:00"
"149.18.21.231:8080","CRU threat hunting","2021-09-28 13:06:31.857371+00:00"
"161.12.39.13:80","CRU threat hunting","2021-09-28 13:06:31.857371+00:00"
"118.223.231.92:9080","CRU threat hunting","2021-09-28 13:06:31.857371+00:00"
"45.33.23.254:80","CRU threat hunting","2021-09-28 13:06:31.857371+00:00"
"54.92.39.103:80","CRU threat hunting","2021-09-28 13:06:31.857371+00:00"
"45.60.7.77:5007","CRU threat hunting","2021-09-28 13:06:31.857371+00:00"
"104.111.34.103:80","CRU threat hunting","2021-09-28 13:06:31.857371+00:00"
"128.240.164.206:80","CRU threat hunting","2021-09-28 13:06:31.857371+00:00"
"185.69.216.84:80","CRU threat hunting","2021-09-28 13:06:31.857371+00:00"
"189.231.108.199:80","CRU threat hunting","2021-09-28 13:06:31.857371+00:00"
"23.221.55.73:80","CRU threat hunting","2021-09-28 13:06:31.857371+00:00"
"47.90.115.31:8090","CRU threat hunting","2021-09-28 13:06:31.857371+00:00"
"13.225.220.160:80","CRU threat hunting","2021-09-28 13:06:31.857371+00:00"
"206.119.81.120:8090","CRU threat hunting","2021-09-28 13:06:31.857371+00:00"
"166.104.118.16:9080","CRU threat hunting","2021-09-28 13:06:31.857371+00:00"
"89.206.187.67:80","CRU threat hunting","2021-09-28 13:06:31.857371+00:00"
"46.105.38.76:80","CRU threat hunting","2021-09-28 13:06:31.857371+00:00"
"169.46.221.107:80","CRU threat hunting","2021-09-28 13:06:31.857371+00:00"
"184.25.78.121:80","CRU threat hunting","2021-09-28 13:06:31.857371+00:00"
"37.59.230.35:80","CRU threat hunting","2021-09-28 13:06:31.857371+00:00"
"156.251.251.98:80","CRU threat hunting","2021-09-28 13:06:31.857371+00:00"
"104.144.59.74:8080","CRU threat hunting","2021-09-28 13:06:31.857371+00:00"
"204.13.113.87:8080","CRU threat hunting","2021-09-28 13:06:31.857371+00:00"
"182.55.21.107:80","CRU threat hunting","2021-09-28 13:06:31.857371+00:00"
"192.165.45.93:9090","CRU threat hunting","2021-09-28 13:06:31.857371+00:00"
"3.131.2.230:80","CRU threat hunting","2021-09-28 13:06:31.857371+00:00"
"141.117.12.55:8090","CRU threat hunting","2021-09-28 13:06:31.857371+00:00"
"192.186.31.90:50070","CRU threat hunting","2021-09-28 13:06:31.857371+00:00"
"23.51.253.211:80","CRU threat hunting","2021-09-28 13:06:31.857371+00:00"
"104.64.29.238:80","CRU threat hunting","2021-09-28 13:06:31.857371+00:00"
"115.23.153.18:8000","CRU threat hunting","2021-09-28 13:06:31.857371+00:00"
"52.212.68.18:80","CRU threat hunting","2021-09-28 13:06:31.857371+00:00"
"37.26.117.134:80","CRU threat hunting","2021-09-28 13:06:31.857371+00:00"
"52.72.101.106:80","CRU threat hunting","2021-09-28 13:06:31.857371+00:00"
"136.232.216.14:80","CRU threat hunting","2021-09-28 13:06:31.857371+00:00"
"3.37.39.201:80","CRU threat hunting","2021-09-28 13:06:31.857371+00:00"
"87.124.110.103:80","CRU threat hunting","2021-09-28 13:06:31.857371+00:00"
"112.177.235.86:8080","CRU threat hunting","2021-09-28 13:06:31.857371+00:00"
"23.39.187.176:80","CRU threat hunting","2021-09-28 13:06:31.857371+00:00"
"223.121.16.27:8080","CRU threat hunting","2021-09-28 13:06:31.857371+00:00"
"20.70.226.147:80","CRU threat hunting","2021-09-28 13:06:31.857371+00:00"
"3.37.25.141:80","CRU threat hunting","2021-09-28 13:06:31.857371+00:00"
"47.52.244.205:80","CRU threat hunting","2021-09-28 13:06:31.857371+00:00"
"159.65.144.238:80","CRU threat hunting","2021-09-28 13:06:31.857371+00:00"
"164.251.251.152:9080","CRU threat hunting","2021-09-28 13:06:31.857371+00:00"
"85.2.48.35:80","CRU threat hunting","2021-09-28 13:06:31.857371+00:00"
"175.229.244.250:8080","CRU threat hunting","2021-09-28 13:06:31.857371+00:00"
"23.88.47.36:80","CRU threat hunting","2021-09-28 13:06:31.857371+00:00"
"52.13.38.25:8090","CRU threat hunting","2021-09-28 13:06:31.857371+00:00"
"179.131.2.100:80","CRU threat hunting","2021-09-28 13:06:31.857371+00:00"
"64.71.239.27:80","CRU threat hunting","2021-09-28 13:06:31.857371+00:00"
"195.154.200.12:80","CRU threat hunting","2021-09-28 13:06:31.857371+00:00"
"209.147.184.182:80","CRU threat hunting","2021-09-28 13:06:31.857371+00:00"
"2.18.160.141:80","CRU threat hunting","2021-09-28 13:06:31.857371+00:00"
"104.67.233.224:80","CRU threat hunting","2021-09-28 13:06:31.857371+00:00"
"99.81.100.70:80","CRU threat hunting","2021-09-28 13:06:31.857371+00:00"
"163.191.101.172:50070","CRU threat hunting","2021-09-28 13:06:31.857371+00:00"
"104.81.82.65:80","CRU threat hunting","2021-09-28 13:06:31.857371+00:00"
"31.145.169.153:9001","CRU threat hunting","2021-09-28 13:06:31.857371+00:00"
"180.252.114.168:80","CRU threat hunting","2021-09-28 13:06:31.857371+00:00"
"23.250.76.42:8000","CRU threat hunting","2021-09-28 13:06:31.857371+00:00"
"166.104.216.97:6379","CRU threat hunting","2021-09-28 13:06:31.857371+00:00"
"164.251.73.141:5007","CRU threat hunting","2021-09-28 13:06:31.857371+00:00"
"18.168.126.191:80","CRU threat hunting","2021-09-28 13:06:31.857371+00:00"
"134.186.168.238:9080","CRU threat hunting","2021-09-28 13:06:31.857371+00:00"
"47.94.159.160:80","CRU threat hunting","2021-09-28 13:06:31.857371+00:00"
"67.0.37.164:80","CRU threat hunting","2021-09-28 13:06:31.857371+00:00"
"52.203.44.47:80","CRU threat hunting","2021-09-28 13:06:31.857371+00:00"
"23.3.87.138:80","CRU threat hunting","2021-09-28 13:06:31.857371+00:00"
"64.85.175.226:80","CRU threat hunting","2021-09-28 13:06:31.857371+00:00"
"34.228.77.58:80","CRU threat hunting","2021-09-28 13:06:31.857371+00:00"
"182.221.106.217:80","CRU threat hunting","2021-09-28 13:06:31.857371+00:00"
"214.59.52.55:9080","CRU threat hunting","2021-09-28 13:06:31.857371+00:00"
"104.24.242.207:80","CRU threat hunting","2021-09-28 13:06:31.857371+00:00"
"67.3.164.221:80","CRU threat hunting","2021-09-28 13:06:31.857371+00:00"
"23.42.204.171:80","CRU threat hunting","2021-09-28 13:06:31.857371+00:00"
"113.4.248.66:80","CRU threat hunting","2021-09-28 13:06:31.857371+00:00"
"52.27.162.168:80","CRU threat hunting","2021-09-28 13:06:31.857371+00:00"
"186.227.29.234:8888","CRU threat hunting","2021-09-28 13:06:31.857371+00:00"
"61.71.87.114:80","CRU threat hunting","2021-09-28 13:06:31.857371+00:00"
"104.21.81.48:80","CRU threat hunting","2021-09-28 13:06:31.857371+00:00"
"13.32.55.142:80","CRU threat hunting","2021-09-28 13:06:31.857371+00:00"
"186.213.252.207:80","CRU threat hunting","2021-09-28 13:06:31.857371+00:00"
"103.140.88.198:6379","CRU threat hunting","2021-09-28 13:06:31.857371+00:00"
"45.55.123.134:80","CRU threat hunting","2021-09-28 13:06:31.857371+00:00"
"84.23.141.80:80","CRU threat hunting","2021-09-28 13:06:31.857371+00:00"
"124.244.109.91:80","CRU threat hunting","2021-09-28 13:06:31.857371+00:00"
"27.239.79.71:8080","CRU threat hunting","2021-09-28 13:06:31.857371+00:00"
"208.113.145.36:80","CRU threat hunting","2021-09-28 13:06:31.857371+00:00"
"103.60.145.237:80","CRU threat hunting","2021-09-28 13:06:31.857371+00:00"
"189.59.51.194:9080","CRU threat hunting","2021-09-28 13:06:31.857371+00:00"
"166.210.32.44:80","CRU threat hunting","2021-09-28 13:06:31.857371+00:00"
"35.75.248.216:80","CRU threat hunting","2021-09-28 13:06:31.857371+00:00"
"34.210.161.145:80","CRU threat hunting","2021-09-28 13:06:31.857371+00:00"
"47.176.114.202:80","CRU threat hunting","2021-09-28 13:06:31.857371+00:00"
"160.153.54.34:2086","CRU threat hunting","2021-09-28 13:06:31.857371+00:00"
"139.39.140.185:50070","CRU threat hunting","2021-09-28 13:06:31.857371+00:00"
"118.68.125.59:80","CRU threat hunting","2021-09-28 13:06:31.857371+00:00"
"117.25.158.61:8080","CRU threat hunting","2021-09-28 13:06:31.857371+00:00"
"34.117.213.57:80","CRU threat hunting","2021-09-28 13:06:31.857371+00:00"
"107.154.75.127:9080","CRU threat hunting","2021-09-28 13:06:31.857371+00:00"
"47.111.116.152:80","CRU threat hunting","2021-09-28 13:06:31.857371+00:00"
"52.179.216.117:9000","CRU threat hunting","2021-09-28 13:06:31.857371+00:00"
"43.249.77.130:8000","CRU threat hunting","2021-09-28 13:06:31.857371+00:00"
"103.238.131.115:80","CRU threat hunting","2021-09-28 13:06:31.857371+00:00"
"104.20.212.45:80","CRU threat hunting","2021-09-28 13:06:31.857371+00:00"
"160.141.80.62:50070","CRU threat hunting","2021-09-28 13:06:31.857371+00:00"
"185.147.57.56:80","CRU threat hunting","2021-09-28 13:06:31.857371+00:00"
"41.155.212.86:80","CRU threat hunting","2021-09-28 13:06:31.857371+00:00"
"35.166.145.241:80","CRU threat hunting","2021-09-28 13:06:31.857371+00:00"
"116.253.208.98:9001","CRU threat hunting","2021-09-28 13:06:31.857371+00:00"
"45.8.103.60:80","CRU threat hunting","2021-09-28 13:06:31.857371+00:00"
"163.191.213.193:9090","CRU threat hunting","2021-09-28 13:06:31.857371+00:00"
"43.248.136.67:8000","CRU threat hunting","2021-09-28 13:06:31.857371+00:00"
"41.198.241.26:80","CRU threat hunting","2021-09-28 13:06:31.857371+00:00"
"72.188.120.87:80","CRU threat hunting","2021-09-28 13:06:31.857371+00:00"
"34.95.201.47:80","CRU threat hunting","2021-09-28 13:06:31.857371+00:00"
"3.0.51.118:80","CRU threat hunting","2021-09-28 13:06:31.857371+00:00"
"175.138.67.203:80","CRU threat hunting","2021-09-28 13:06:31.857371+00:00"
"214.76.96.29:9080","CRU threat hunting","2021-09-28 13:06:31.857371+00:00"
"149.56.227.231:80","CRU threat hunting","2021-09-28 13:06:31.857371+00:00"
"130.176.31.135:80","CRU threat hunting","2021-09-28 13:06:31.857371+00:00"
"52.68.137.83:80","CRU threat hunting","2021-09-28 13:06:31.857371+00:00"
"77.166.55.119:9000","CRU threat hunting","2021-09-28 13:06:31.857371+00:00"
"3.224.60.177:80","CRU threat hunting","2021-09-28 13:06:31.857371+00:00"
"124.172.152.195:9000","CRU threat hunting","2021-09-28 13:06:31.857371+00:00"
"109.120.228.156:80","CRU threat hunting","2021-09-28 13:06:31.857371+00:00"
"119.3.13.110:80","CRU threat hunting","2021-09-28 13:06:31.857371+00:00"
"23.50.35.244:80","CRU threat hunting","2021-09-28 13:06:31.857371+00:00"
"104.17.165.13:8080","CRU threat hunting","2021-09-28 13:06:31.857371+00:00"
"191.252.105.215:2086","CRU threat hunting","2021-09-28 13:06:31.857371+00:00"
"195.189.91.133:80","CRU threat hunting","2021-09-28 13:06:31.857371+00:00"
"202.226.44.10:80","CRU threat hunting","2021-09-28 13:06:31.857371+00:00"
"52.62.73.124:80","CRU threat hunting","2021-09-28 13:06:31.857371+00:00"
"98.149.224.21:80","CRU threat hunting","2021-09-28 13:06:31.857371+00:00"
"39.106.7.243:8080","CRU threat hunting","2021-09-28 13:06:31.857371+00:00"
"168.184.206.25:9090","CRU threat hunting","2021-09-28 13:06:31.857371+00:00"
"128.44.109.187:9080","CRU threat hunting","2021-09-28 13:06:31.857371+00:00"
"139.38.222.18:50070","CRU threat hunting","2021-09-28 13:06:31.857371+00:00"
"164.249.160.210:2086","CRU threat hunting","2021-09-28 13:06:31.857371+00:00"
"23.57.11.81:80","CRU threat hunting","2021-09-28 13:06:31.857371+00:00"
"37.251.145.130:7002","CRU threat hunting","2021-09-28 13:06:31.857371+00:00"
"92.46.153.150:80","CRU threat hunting","2021-09-28 13:06:31.857371+00:00"
"117.48.192.125:80","CRU threat hunting","2021-09-28 13:06:31.857371+00:00"
"23.60.83.145:80","CRU threat hunting","2021-09-28 13:06:31.857371+00:00"
"95.101.157.71:80","CRU threat hunting","2021-09-28 13:06:31.857371+00:00"
"5.45.118.47:80","CRU threat hunting","2021-09-28 13:06:31.857371+00:00"
"124.146.157.5:80","CRU threat hunting","2021-09-28 13:06:31.857371+00:00"
"47.47.199.126:81","CRU threat hunting","2021-09-28 13:06:31.857371+00:00"
"205.198.82.209:3080","CRU threat hunting","2021-09-28 13:06:31.857371+00:00"
"23.15.196.9:80","CRU threat hunting","2021-09-28 13:06:31.857371+00:00"
"23.66.35.229:80","CRU threat hunting","2021-09-28 13:06:31.857371+00:00"
"45.126.229.237:9001","CRU threat hunting","2021-09-28 13:06:31.857371+00:00"
"96.9.52.91:80","CRU threat hunting","2021-09-28 13:06:31.857371+00:00"
"40.114.215.69:80","CRU threat hunting","2021-09-28 13:06:31.857371+00:00"
"119.145.130.119:80","CRU threat hunting","2021-09-28 13:06:31.857371+00:00"
"123.31.57.60:81","CRU threat hunting","2021-09-28 13:06:31.857371+00:00"
"149.169.29.83:8080","CRU threat hunting","2021-09-28 13:06:31.857371+00:00"
"118.55.85.21:9080","CRU threat hunting","2021-09-28 13:06:31.857371+00:00"
"23.201.19.119:80","CRU threat hunting","2021-09-28 13:06:31.857371+00:00"
"38.35.75.110:80","CRU threat hunting","2021-09-28 13:06:31.857371+00:00"
"203.76.238.225:80","CRU threat hunting","2021-09-28 13:06:31.857371+00:00"
"121.43.164.139:80","CRU threat hunting","2021-09-28 13:06:31.857371+00:00"
"137.44.59.250:80","CRU threat hunting","2021-09-28 13:06:31.857371+00:00"
"95.106.250.84:80","CRU threat hunting","2021-09-28 13:06:31.857371+00:00"
"108.177.160.30:80","CRU threat hunting","2021-09-28 13:06:31.857371+00:00"
"62.204.249.196:80","CRU threat hunting","2021-09-28 13:06:31.857371+00:00"
"46.105.34.151:80","CRU threat hunting","2021-09-28 13:06:31.857371+00:00"
"34.107.193.20:6379","CRU threat hunting","2021-09-28 13:06:31.857371+00:00"
"82.127.122.87:80","CRU threat hunting","2021-09-28 13:06:31.857371+00:00"
"205.238.27.196:80","CRU threat hunting","2021-09-28 13:06:31.857371+00:00"
"104.118.233.232:80","CRU threat hunting","2021-09-28 13:06:31.857371+00:00"
"104.98.174.210:80","CRU threat hunting","2021-09-28 13:06:31.857371+00:00"
"23.104.145.215:9080","CRU threat hunting","2021-09-28 13:06:31.857371+00:00"
"104.25.166.43:80","CRU threat hunting","2021-09-28 13:06:31.857371+00:00"
"195.201.1.162:80","CRU threat hunting","2021-09-28 13:06:31.857371+00:00"
"217.182.113.171:80","CRU threat hunting","2021-09-28 13:06:31.857371+00:00"
"87.107.161.198:80","CRU threat hunting","2021-09-28 13:06:31.857371+00:00"
"104.81.115.204:80","CRU threat hunting","2021-09-28 13:06:31.857371+00:00"
"128.44.7.187:5007","CRU threat hunting","2021-09-28 13:06:31.857371+00:00"
"27.235.169.199:80","CRU threat hunting","2021-09-28 13:06:31.857371+00:00"
"40.85.174.32:80","CRU threat hunting","2021-09-28 13:06:31.857371+00:00"
"184.168.202.131:80","CRU threat hunting","2021-09-28 13:06:31.857371+00:00"
"143.95.66.197:80","CRU threat hunting","2021-09-28 13:06:31.857371+00:00"
"209.140.10.180:80","CRU threat hunting","2021-09-28 13:06:31.857371+00:00"
"47.251.13.153:80","CRU threat hunting","2021-09-28 13:06:31.857371+00:00"
"85.187.120.41:8000","CRU threat hunting","2021-09-28 13:06:31.857371+00:00"
"156.240.71.202:81","CRU threat hunting","2021-09-28 13:06:31.857371+00:00"
"52.59.126.240:80","CRU threat hunting","2021-09-28 13:06:31.857371+00:00"
"164.155.185.204:80","CRU threat hunting","2021-09-28 13:06:31.857371+00:00"
"220.180.57.126:6379","CRU threat hunting","2021-09-28 13:06:31.857371+00:00"
"117.175.210.167:80","CRU threat hunting","2021-09-28 13:06:31.857371+00:00"
"104.95.147.210:80","CRU threat hunting","2021-09-28 13:06:31.857371+00:00"
"18.191.216.243:80","CRU threat hunting","2021-09-28 13:06:31.857371+00:00"
"3.97.13.104:80","CRU threat hunting","2021-09-28 13:06:31.857371+00:00"
"85.31.3.156:80","CRU threat hunting","2021-09-28 13:06:31.857371+00:00"
"185.131.208.176:80","CRU threat hunting","2021-09-28 13:06:31.857371+00:00"
"45.60.223.92:80","CRU threat hunting","2021-09-28 13:06:31.857371+00:00"
"202.150.54.131:80","CRU threat hunting","2021-09-28 13:06:31.857371+00:00"
"13.83.86.86:8080","CRU threat hunting","2021-09-28 13:06:31.857371+00:00"
"168.184.67.184:82","CRU threat hunting","2021-09-28 13:06:31.857371+00:00"
"13.225.213.163:80","CRU threat hunting","2021-09-28 13:06:31.857371+00:00"
"149.155.27.227:80","CRU threat hunting","2021-09-28 13:06:31.857371+00:00"
"23.202.59.230:80","CRU threat hunting","2021-09-28 13:06:31.857371+00:00"
"43.224.88.131:80","CRU threat hunting","2021-09-28 13:06:31.857371+00:00"
"213.7.43.5:80","CRU threat hunting","2021-09-28 13:06:31.857371+00:00"
"164.249.229.206:9080","CRU threat hunting","2021-09-28 13:06:31.857371+00:00"
"104.102.35.236:80","CRU threat hunting","2021-09-28 13:06:31.857371+00:00"
"104.243.137.133:6379","CRU threat hunting","2021-09-28 13:06:31.857371+00:00"
"59.125.9.174:80","CRU threat hunting","2021-09-28 13:06:31.857371+00:00"
"121.51.190.226:80","CRU threat hunting","2021-09-28 13:06:31.857371+00:00"
"23.205.131.93:80","CRU threat hunting","2021-09-28 13:06:31.857371+00:00"
"168.221.76.139:81","CRU threat hunting","2021-09-28 13:06:31.857371+00:00"
"198.54.120.115:80","CRU threat hunting","2021-09-28 13:06:31.857371+00:00"
"175.24.191.78:81","CRU threat hunting","2021-09-28 13:06:31.857371+00:00"
"118.184.155.109:82","CRU threat hunting","2021-09-28 13:06:31.857371+00:00"
"218.159.165.180:80","CRU threat hunting","2021-09-28 13:06:31.857371+00:00"
"184.85.124.74:80","CRU threat hunting","2021-09-28 13:06:31.857371+00:00"
"147.47.249.234:8042","CRU threat hunting","2021-09-28 13:06:31.857371+00:00"
"119.23.67.88:80","CRU threat hunting","2021-09-28 13:06:31.857371+00:00"
"104.82.168.139:80","CRU threat hunting","2021-09-28 13:06:31.857371+00:00"
"202.86.197.97:8090","CRU threat hunting","2021-09-28 13:06:31.857371+00:00"
"65.75.162.20:2086","CRU threat hunting","2021-09-28 13:06:31.857371+00:00"
"210.9.106.166:80","CRU threat hunting","2021-09-28 13:06:31.857371+00:00"
"193.70.65.178:80","CRU threat hunting","2021-09-28 13:06:31.857371+00:00"
"13.71.185.107:80","CRU threat hunting","2021-09-28 13:06:31.857371+00:00"
"146.148.157.208:5007","CRU threat hunting","2021-09-28 13:06:31.857371+00:00"
"45.60.113.204:6379","CRU threat hunting","2021-09-28 13:06:31.857371+00:00"
"136.0.180.136:80","CRU threat hunting","2021-09-28 13:06:31.857371+00:00"
"23.61.53.182:80","CRU threat hunting","2021-09-28 13:06:31.857371+00:00"
"80.227.48.71:80","CRU threat hunting","2021-09-28 13:06:31.857371+00:00"
"168.138.201.26:8000","CRU threat hunting","2021-09-28 13:06:31.857371+00:00"
"175.245.153.121:8080","CRU threat hunting","2021-09-28 13:06:31.857371+00:00"
"23.82.149.241:80","CRU threat hunting","2021-09-28 13:06:31.857371+00:00"
"104.18.234.49:8080","CRU threat hunting","2021-09-28 13:06:31.857371+00:00"
"200.150.139.254:80","CRU threat hunting","2021-09-28 13:06:31.857371+00:00"
"202.222.242.110:80","CRU threat hunting","2021-09-28 13:06:31.857371+00:00"
"116.62.121.46:80","CRU threat hunting","2021-09-28 13:06:31.857371+00:00"
"5.9.82.43:80","CRU threat hunting","2021-09-28 13:06:31.857371+00:00"
"47.96.81.95:80","CRU threat hunting","2021-09-28 13:06:31.857371+00:00"
"8.209.79.44:80","CRU threat hunting","2021-09-28 13:06:31.857371+00:00"
"14.215.15.71:80","CRU threat hunting","2021-09-28 13:06:31.857371+00:00"
"85.208.116.93:80","CRU threat hunting","2021-09-28 13:06:31.857371+00:00"
"143.192.99.154:80","CRU threat hunting","2021-09-28 13:06:31.857371+00:00"
"49.212.207.209:80","CRU threat hunting","2021-09-28 13:06:31.857371+00:00"
"91.132.250.9:80","CRU threat hunting","2021-09-28 13:06:31.857371+00:00"
"104.95.219.220:80","CRU threat hunting","2021-09-28 13:06:31.857371+00:00"
"18.182.150.44:80","CRU threat hunting","2021-09-28 13:06:31.857371+00:00"
"103.45.123.209:8000","CRU threat hunting","2021-09-28 13:06:31.857371+00:00"
"192.186.22.20:80","CRU threat hunting","2021-09-28 13:06:31.857371+00:00"
"85.222.145.32:80","CRU threat hunting","2021-09-28 13:06:31.857371+00:00"
"116.62.174.79:80","CRU threat hunting","2021-09-28 13:06:31.857371+00:00"
"109.168.32.66:80","CRU threat hunting","2021-09-28 13:06:31.857371+00:00"
"54.243.145.94:80","CRU threat hunting","2021-09-28 13:06:31.857371+00:00"
"104.21.18.175:80","CRU threat hunting","2021-09-28 13:06:31.857371+00:00"
"2.21.33.125:80","CRU threat hunting","2021-09-28 13:06:31.857371+00:00"
"143.83.133.252:50070","CRU threat hunting","2021-09-28 13:06:31.857371+00:00"
"www.charsantosart.com","Formbook, zip","2021-09-29 07:49:24.581416+00:00"
"www.travuleaf.com","Formbook, zip","2021-09-29 07:49:24.581416+00:00"
"www.mingwotech.com","Formbook, zip","2021-09-29 07:49:24.581416+00:00"
"www.babeshotnud.com","Formbook, zip","2021-09-29 07:49:24.581416+00:00"
"www.mahoyaku-exhibition.com","Formbook, zip","2021-09-29 07:49:24.581416+00:00"
"www.adronesview.com","Formbook, zip","2021-09-29 07:49:24.581416+00:00"
"www.thevillageplumbers.com","Formbook, zip","2021-09-29 07:49:24.581416+00:00"
"www.rap8b55d.com","Formbook, zip","2021-09-29 07:49:24.581416+00:00"
"www.dpcqkw.xyz","Formbook, zip","2021-09-29 07:49:24.581416+00:00"
"www.teelandcompany.com","Formbook, zip","2021-09-29 07:49:24.581416+00:00"
"www.patrickandmaxine.com","Formbook, zip","2021-09-29 07:49:24.581416+00:00"
"www.overlandshare.com","Formbook, zip","2021-09-29 07:49:24.581416+00:00"
"www.hzhongon.com","Formbook, zip","2021-09-29 07:49:24.581416+00:00"
"www.sehatbersama.store","Formbook, zip","2021-09-29 07:49:24.581416+00:00"
"www.futurodr.com","Formbook, zip","2021-09-29 07:49:24.581416+00:00"
"www.sustainablefoodfactory.com","Formbook, zip","2021-09-29 07:49:24.581416+00:00"
"www.kinesio-leman.com","Formbook, zip","2021-09-29 07:49:24.581416+00:00"
"www.limiteditionft.com","Formbook, zip","2021-09-29 07:49:24.581416+00:00"
"www.thejegroupllc.com","Formbook, zip","2021-09-29 07:49:24.581416+00:00"
"www.eastmillnorthandover.com","Formbook, zip","2021-09-29 07:49:24.581416+00:00"
"www.iktbn-c01.com","Formbook, zip","2021-09-29 07:49:24.581416+00:00"
"www.dossierinc.com","Formbook, zip","2021-09-29 07:49:24.581416+00:00"
"www.1kingbet.com","Formbook, zip","2021-09-29 07:49:24.581416+00:00"
"www.whatsaauction.com","Formbook, zip","2021-09-29 07:49:24.581416+00:00"
"www.searchengineeye.com","Formbook, zip","2021-09-29 07:49:24.581416+00:00"
"www.vapkey.net","Formbook, zip","2021-09-29 07:49:24.581416+00:00"
"www.666b20.xyz","Formbook, zip","2021-09-29 07:49:24.581416+00:00"
"www.limponomefacil.com","Formbook, zip","2021-09-29 07:49:24.581416+00:00"
"www.parsvivid.com","Formbook, zip","2021-09-29 07:49:24.581416+00:00"
"www.homesofchaparralcountryclub.com","Formbook, zip","2021-09-29 07:49:24.581416+00:00"
"www.missionsafegame.com","Formbook, zip","2021-09-29 07:49:24.581416+00:00"
"www.afro-occidentstyle.com","Formbook, zip","2021-09-29 07:49:24.581416+00:00"
"www.apseymarine.com","Formbook, zip","2021-09-29 07:49:24.581416+00:00"
"www.ff4c3dgsp.xyz","Formbook, zip","2021-09-29 07:49:24.581416+00:00"
"www.golfsol.art","Formbook, zip","2021-09-29 07:49:24.581416+00:00"
"www.hosting-premium-online.com","exe, Formbook, xloader","2021-09-30 07:19:11.787831+00:00"
"www.karenellissolutions.com","exe, Formbook, xloader","2021-09-30 07:19:11.787831+00:00"
"23.88.108.1","exe, Stop","2021-09-30 08:15:11.576147+00:00"
"drossmnfg.com","AZORult, exe","2021-09-15 07:29:41.309861+00:00"
"98.158.129.77:80","CRU threat hunting","2021-09-28 13:06:31.857371+00:00"
"h1.ripway.com","CyberGate, exe","2021-10-01 08:00:20.309970+00:00"
"i.glzip.com","32, Adware.KuaiZip, exe, trojan","2021-10-01 08:13:18.629458+00:00"
"api.kz.naruto.red","32, Adware.KuaiZip, exe, trojan","2021-10-01 08:13:18.629458+00:00"
"dl.kkdownload.com","32, Adware.KuaiZip, exe, trojan","2021-10-01 08:13:18.629458+00:00"
"40.122.165.48","exe, Osiris","2021-10-01 08:31:34.596898+00:00"
"217.155.40.118","exe, Osiris","2021-10-01 08:31:34.596898+00:00"
"77.162.229.73","exe, Osiris","2021-10-01 08:31:34.596898+00:00"
"103.200.210.66","exe, Osiris","2021-10-01 08:31:34.596898+00:00"
"37.221.66.248","exe, Osiris","2021-10-01 08:31:34.596898+00:00"
"37.221.66.246","exe, Osiris","2021-10-01 08:31:34.596898+00:00"
"195.201.63.203","exe, Osiris","2021-10-01 08:31:34.596898+00:00"
"95.217.15.17","exe, Osiris","2021-10-01 08:31:47.544192+00:00"
"188.126.83.38","exe, Osiris","2021-10-01 08:31:47.544192+00:00"
"91.203.145.114","exe, Osiris","2021-10-01 08:31:47.544192+00:00"
"141.20.33.69","exe, Osiris","2021-10-01 08:31:47.544192+00:00"
"190.10.8.68","exe, Osiris","2021-10-01 08:31:47.544192+00:00"
"155.98.5.5","exe, Osiris","2021-10-01 08:31:47.544192+00:00"
"88.198.91.74","exe, Osiris","2021-10-01 08:32:00.489114+00:00"
"91.148.141.117","exe, Osiris","2021-10-01 08:32:00.489114+00:00"
"91.203.144.194","exe, Osiris","2021-10-01 08:32:00.489114+00:00"
"109.70.100.2","exe, Osiris","2021-10-01 08:32:00.489114+00:00"
"185.165.168.77","exe, Osiris","2021-10-01 08:32:00.489114+00:00"
"185.4.135.157","exe, Osiris","2021-10-01 08:32:00.489114+00:00"
"149.56.94.218","exe, Osiris","2021-10-01 08:32:00.489114+00:00"
"140.238.68.92","exe, Osiris","2021-10-01 08:32:00.489114+00:00"
"185.225.69.91","exe, Osiris","2021-10-01 08:32:00.489114+00:00"
"samsungprod.xyz","exe, OskiStealer","2021-10-02 07:15:36.200437+00:00"
"adexp.takemyfile.net","exe, RaccoonStealer","2021-10-02 08:15:23.413512+00:00"
"labs-soft.com","exe, RaccoonStealer","2021-10-02 08:15:23.413512+00:00"
"requestimedout.com","exe, RaccoonStealer","2021-10-02 08:15:23.413512+00:00"
"labpro.top","exe, RaccoonStealer","2021-10-02 08:15:36.552435+00:00"
"privacy-toolz-for-you-503.top","exe, RaccoonStealer","2021-10-02 08:15:36.552435+00:00"
"www.dhonr.com","exe, RaccoonStealer","2021-10-02 08:15:36.552435+00:00"
"teletop.top","32, exe, RaccoonStealer, trojan","2021-10-03 07:20:53.152826+00:00"
"82.146.43.167","CoinMiner, exe, redlinestealer","2021-10-03 07:43:49.973076+00:00"
"www.cjnovone.top","exe, RedLineStealer","2021-10-03 07:54:22.624980+00:00"
"www.znsjis.top","exe, RedLineStealer","2021-10-03 07:54:22.624980+00:00"
"141.94.112.3:11722","exe, RedLineStealer","2021-10-03 07:57:09.506640+00:00"
"toprolls.com.tr","exe, Loki","2021-10-03 08:07:44.025814+00:00"
"t.tr2q.com","#criptominero, #lemonduck, #cryptominer","2021-10-13 07:00:02.333962+00:00"
"dhlglobalexpress.shop","exe, Loki","2021-09-15 07:32:12.421989+00:00"
"cryptorelated.net","exe, RedLineStealer","2021-09-20 07:22:30.202227+00:00"
"www.2cheat.net","exe, njrat","2021-09-15 07:35:47.396774+00:00"
"216.75.37.196:8080","Emotet, exe, Heodo","2021-09-15 07:38:58.859336+00:00"
"118.163.216.107:8080","exe, Feodo","2021-09-18 08:07:28.992423+00:00"
"103.168.67.29:6677","exe, RedLineStealer","2021-09-21 08:06:35.292239+00:00"
"tech-unions.com","32, Amadey, exe, trojan","2021-09-21 08:08:04.551435+00:00"
"freshjuss.com","32, Amadey, exe, trojan","2021-09-21 08:08:04.551435+00:00"
"sunnsongs.com","32, Amadey, exe, trojan","2021-09-21 08:08:04.551435+00:00"
"molinolatebaida.com","exe, Loki","2021-09-21 08:09:21.563294+00:00"
"www.apnagas.com","exe, Formbook, xloader","2021-09-21 08:10:10.991246+00:00"
"www.ladyom.com","exe, Formbook, xloader","2021-09-21 08:10:10.991246+00:00"
"www.nextgenerationracingleague.com","exe, Formbook, xloader","2021-09-21 08:10:10.991246+00:00"
"www.jsdigitalekuns.com","exe, Formbook, xloader","2021-09-21 08:10:10.991246+00:00"
"www.mmpluk.com","exe, Formbook, xloader","2021-09-21 08:10:10.991246+00:00"
"www.i8news-sv.website","exe, Formbook, xloader","2021-09-21 08:10:10.991246+00:00"
"www.4kwallpapers.online","exe, Formbook, xloader","2021-09-21 08:10:10.991246+00:00"
"www.glavins.net","exe, Formbook, xloader","2021-09-21 08:10:10.991246+00:00"
"www.howtodesignyourhomeoffice.com","exe, Formbook, xloader","2021-09-21 08:10:10.991246+00:00"
"www.contactosasi.com","exe, Formbook, xloader","2021-09-21 08:10:10.991246+00:00"
"www.dunnfloorcoverings.com","exe, Formbook, xloader","2021-09-21 08:10:10.991246+00:00"
"www.drdavesea.com","exe, Formbook, xloader","2021-09-21 08:10:10.991246+00:00"
"www.tracks-clicks.com","exe, Formbook, xloader","2021-09-21 08:10:10.991246+00:00"
"www.carmator.com","exe, Formbook, xloader","2021-09-21 08:10:10.991246+00:00"
"www.ktshandymanservices.com","exe, Formbook, xloader","2021-09-21 08:10:10.991246+00:00"
"www.matthewwesco.club","exe, Formbook, xloader","2021-09-21 08:10:10.991246+00:00"
"www.cpassminimedicalschools.info","exe, Formbook, xloader","2021-09-21 08:10:10.991246+00:00"
"www.claybycollins.com","exe, Formbook, xloader","2021-09-21 08:10:10.991246+00:00"
"www.normanwagers.com","exe, Formbook, xloader","2021-09-21 08:10:10.991246+00:00"
"www.arzug.com","exe, Formbook, xloader","2021-09-21 08:10:10.991246+00:00"
"ceylantreyler.com","AgentTesla, exe","2021-09-21 08:18:21.257674+00:00"
"dllion.xyz","exe, OskiStealer","2021-09-21 08:59:15.310310+00:00"
"krds.rafilda.ru","exe, RedLineStealer","2021-10-12 17:14:11.781620+00:00"
"4tfdv6.rafilda.ru","exe, RedLineStealer","2021-10-12 17:15:41.207674+00:00"
"ping.pushmon.com","exe, RaccoonStealer","2021-09-18 08:11:37.528965+00:00"
"brokenethicalgod.ga","exe, Loki","2021-09-18 08:30:41.948876+00:00"
"pshmn.com","exe, RaccoonStealer","2021-09-18 08:11:37.528965+00:00"
"koteranimals.gq","DTLoader, exe","2021-09-14 07:15:03.690761+00:00"
"116.203.165.54","exe, Ransomware, Stop","2021-09-18 08:37:10.892850+00:00"
"manorakus.top","exe, RedLineStealer","2021-09-14 07:14:25.181143+00:00"
"iryarahara.xyz","exe, RedLineStealer","2021-10-13 07:00:02.333962+00:00"
"xpensive.xyz","exe, OskiStealer","2021-09-14 07:16:33.613545+00:00"
"www.skscarsrjn.in","exe, Loki","2021-09-14 07:19:55.809388+00:00"
"sherence.ru","CoinMiner, exe, trojan","2021-09-19 07:10:36.018643+00:00"
"almed-trading.xyz","exe, OskiStealer","2021-09-19 07:12:43.729126+00:00"
"www.whipitgudd.com","ESP, exe, Formbook, geo","2021-09-19 07:13:59.960306+00:00"
"www.stonelodgeseniorliving.com","ESP, exe, Formbook, geo","2021-09-19 07:13:59.960306+00:00"
"www.braedlifestyle.com","ESP, exe, Formbook, geo","2021-09-19 07:13:59.960306+00:00"
"www.diypoolpaint.sydney","ESP, exe, Formbook, geo","2021-09-19 07:13:59.960306+00:00"
"www.iloveme.life","ESP, exe, Formbook, geo","2021-09-19 07:13:59.960306+00:00"
"www.campsitesurvival.com","ESP, exe, Formbook, geo","2021-09-19 07:13:59.960306+00:00"
"www.stm32heaven.com","ESP, exe, Formbook, geo","2021-09-19 07:13:59.960306+00:00"
"www.sugaringpalms.com","ESP, exe, Formbook, geo","2021-09-19 07:13:59.960306+00:00"
"www.wacwin.com","ESP, exe, Formbook, geo","2021-09-19 07:13:59.960306+00:00"
"www.xn--udkog0cvez259c82sa.xyz","ESP, exe, Formbook, geo","2021-09-19 07:13:59.960306+00:00"
"www.polkadotcoins.com","ESP, exe, Formbook, geo","2021-09-19 07:13:59.960306+00:00"
"znegs.xyz","DiamondFox, exe","2021-10-13 07:00:02.333962+00:00"
"maurizio.ug","AZORult, exe","2021-09-19 07:25:02.689846+00:00"
